UserPrincipalName,FirstName,LastName,DisplayName,UsageLocation
johann.binder@domain.tld,Johann,Zgraggen,Johann Zgraggen,CH
Halle3@domain.tld,Halle3,,Halle3,CH
sitb@domain.tld,Sitzungszimmer,TB,Sitzungszimmer TB,CH
daniela.trenbo@domain.tld,Daniela,Aschwanden,Daniela Aschwanden,CH
doris.steinamnn@domain.tld,Doris,Steiner,Doris Steiner,CH
anita.georgios@domain.tld,Anita,Simmen,Anita Simmen,CH
bettina.muencher@domain.tld,Bettina,Brand,Bettina Brand,CH
anita.doering@domain.tld,Anita,Waldis,Anita Waldis,CH
christian.ziehlamnn@domain.tld,Christian,Zimmermann,Christian Zimmermann,CH